<beans xmlns="http://www.springframework.org/schema/beans"
	xmlns:xsi="http://www.w3.org/2001/XMLSchema-instance"
	xsi:schemaLocation="http://www.springframework.org/schema/beans
http://www.springframework.org/schema/beans/spring-beans-3.0.xsd">

	<bean id="activeMqMessaging"
		class="org.srk.spring_demo.diexample.domain.impl.ActiveMQMessaging" />

	<bean id="rsaEncryption" class="org.srk.spring_demo.diexample.domain.impl.RSAEncryption" />

	<bean id="communication" class="org.srk.spring_demo.diexample.Communication">
		<constructor-arg type="org.srk.spring_demo.diexample.domain.Encryption">
			<ref bean="rsaEncryption" />
		</constructor-arg>
		<property name="messaging">
			<ref bean="activeMqMessaging" />
		</property>
	</bean>
</beans>
