<?xml version="1.0" encoding="UTF-8"?>
<beans xmlns="http://www.springframework.org/schema/beans"
	xmlns:xsi="http://www.w3.org/2001/XMLSchema-instance"
	xmlns:aop="http://www.springframework.org/schema/aop"
	xmlns:context="http://www.springframework.org/schema/context"
	xsi:schemaLocation="http://www.springframework.org/schema/beans http://www.springframework.org/schema/beans/spring-beans-4.1.xsd
		http://www.springframework.org/schema/aop http://www.springframework.org/schema/aop/spring-aop-4.1.xsd
		http://www.springframework.org/schema/context http://www.springframework.org/schema/context/spring-context-4.1.xsd">

  <aop:aspectj-autoproxy/> 
 <!-- <aop:config>
  	<aop:pointcut expression="execution (* org.cap.dao.*.*(..))" id="myPoint"/>
  	<aop:aspect id="myLog" ref="logEmpAspects">
  		<aop:before method="callBefore" pointcut-ref="myPoint"/>
  		<aop:after method="callAfter"  pointcut-ref="myPoint"/>
  	</aop:aspect>
 </aop:config>
 -->
<context:component-scan base-package="org.cap"/>
<bean id="logEmpAspects" class="org.cap.aspects.EmployeeAspects"/>

</beans>
